Cluster 1,Center,x=86.000000, y=64.000000
Date,High,Low,
1/25/2014,77,56,0
2/11/2014,75,54,0
2/16/2014,75,54,0
2/21/2014,79,55,0
3/10/2014,80,56,0
3/17/2014,74,56,0
3/18/2014,75,58,0
3/19/2014,79,56,0
4/11/2014,79,55,0
4/20/2014,75,59,0
4/21/2014,76,57,0
4/24/2014,79,55,0
4/28/2014,77,57,0
5/4/2014,81,59,0
5/26/2014,79,61,0
5/30/2014,78,60,0
5/31/2014,80,61,0
6/1/2014,80,61,0
6/3/2014,79,58,0
6/4/2014,78,59,0
6/5/2014,78,59,0
6/8/2014,77,60,0
6/9/2014,76,59,0
6/14/2014,75,59,0
6/17/2014,78,59,0
6/18/2014,77,59,0
6/19/2014,76,59,0
6/20/2014,80,60,0
10/25/2014,80,61,0
10/28/2014,78,59,0
10/30/2014,81,60,0
11/9/2014,77,58,0
11/23/2014,80,57,0
12/7/2014,76,54,0
12/8/2014,78,55,0
12/9/2014,76,54,0
1/26/2015,80,57,0
1/27/2015,74,57,0
1/28/2015,75,56,0
2/6/2015,75,54,0
2/8/2015,77,59,0
2/18/2015,75,55,0
3/20/2015,78,59,0
3/24/2015,75,58,0
3/29/2015,78,56,0
3/30/2015,78,57,0
4/1/2015,74,58,0
4/2/2015,75,54,0
4/12/2015,77,57,0
4/13/2015,75,58,0
4/15/2015,80,57,0
4/17/2015,81,56,0
4/18/2015,81,56,0
4/19/2015,75,55,0
4/27/2015,82,57,0
5/2/2015,80,59,0
5/3/2015,74,58,0
5/11/2015,76,57,0
5/28/2015,75,57,0
5/29/2015,77,58,0
5/30/2015,77,59,0
6/1/2015,75,59,0
6/7/2015,77,60,0
6/16/2015,79,61,0
6/19/2015,82,58,0
6/26/2015,78,60,0
11/2/2015,75,59,0
12/3/2015,76,56,0
12/6/2015,78,56,0
12/9/2015,75,55,0
2/17/2016,76,55,0
2/24/2016,81,58,0
2/28/2016,75,56,0
2/29/2016,74,56,0
3/1/2016,76,56,0
3/17/2016,81,59,0
3/26/2016,77,59,0
4/2/2016,76,54,0
4/3/2016,79,56,0
4/4/2016,80,58,0
4/12/2016,75,56,0
4/15/2016,81,59,0
4/16/2016,82,58,0
4/21/2016,78,58,0
4/23/2016,76,57,0
4/24/2016,75,58,0
5/3/2016,77,57,0
5/12/2016,75,58,0
5/13/2016,78,60,0
5/23/2016,74,57,0
5/26/2016,74,58,0
6/2/2016,78,60,0
6/4/2016,77,59,0
6/8/2016,77,60,0
6/16/2016,76,59,0
8/19/2016,80,61,0
9/14/2016,74,58,0
9/15/2016,81,60,0
9/16/2016,78,60,0
10/3/2016,76,59,0
10/5/2016,76,59,0
10/6/2016,81,57,0
10/13/2016,75,57,0
10/18/2016,76,59,0
10/23/2016,80,61,0
10/26/2016,77,58,0
10/27/2016,80,60,0
10/29/2016,80,60,0
11/5/2016,81,57,0
11/6/2016,76,56,0
11/7/2016,79,56,0
11/15/2016,78,56,0
2/9/2017,75,58,0
3/10/2017,81,56,0
3/16/2017,79,58,0
3/18/2017,75,57,0
3/19/2017,77,56,0
3/28/2017,79,57,0
3/30/2017,75,58,0
3/31/2017,76,58,0
4/2/2017,79,56,0
4/4/2017,75,58,0
4/6/2017,79,57,0
4/12/2017,75,56,0
4/16/2017,77,55,0
4/17/2017,75,56,0
4/18/2017,77,60,0
4/20/2017,79,59,0
4/23/2017,81,60,0
4/25/2017,77,60,0
5/4/2017,80,61,0
5/12/2017,75,59,0
5/13/2017,75,57,0
5/18/2017,75,57,0
5/22/2017,81,60,0
5/23/2017,82,59,0
5/24/2017,76,59,0
5/28/2017,78,59,0
6/9/2017,77,60,0
6/13/2017,81,60,0
10/4/2017,79,59,0
10/13/2017,78,59,0
10/21/2017,78,60,0
11/7/2017,76,59,0
11/8/2017,77,56,0
11/15/2017,79,56,0
11/16/2017,78,59,0
11/18/2017,78,55,0
11/19/2017,77,55,0
1/7/2018,74,58,0
1/18/2018,76,54,0
1/30/2018,82,57,0
4/8/2018,75,55,0
4/11/2018,80,58,0
4/13/2018,79,56,0
4/15/2018,79,55,0
4/22/2018,79,57,0
4/23/2018,76,55,0
5/7/2018,76,55,0
5/8/2018,76,58,0
5/9/2018,75,59,0
5/16/2018,75,57,0
5/17/2018,74,57,0
5/27/2018,74,58,0
6/1/2018,75,58,0
6/2/2018,80,59,0
6/3/2018,79,60,0
6/4/2018,77,60,0
6/7/2018,77,58,0
6/8/2018,81,59,0
6/13/2018,80,61,0
6/20/2018,80,60,0
10/12/2018,81,60,0
10/15/2018,82,59,0
10/28/2018,81,58,0
10/29/2018,74,58,0
11/1/2018,82,56,0
11/4/2018,82,59,0
11/8/2018,75,58,0
11/25/2018,76,56,0
11/27/2018,76,56,0
3/18/2019,79,57,0
4/7/2019,79,56,0
4/10/2019,77,59,0
4/11/2019,74,57,0
4/12/2019,77,57,0
4/13/2019,79,56,0
4/17/2019,75,54,0
4/18/2019,82,56,0
4/23/2019,78,56,0
4/24/2019,79,58,0
4/25/2019,77,58,0
,,,
,,,
Cluster 2,Center,x=100.000000, y=72.000000
Date,High,Low,
5/15/2014,102,71,1
9/14/2014,98,71,1
9/15/2014,94,73,1
9/16/2014,103,76,1
9/17/2014,96,72,1
10/3/2014,98,67,1
7/19/2015,92,72,1
8/15/2015,96,71,1
8/26/2015,92,73,1
8/27/2015,93,71,1
8/28/2015,97,73,1
8/29/2015,94,73,1
9/8/2015,97,73,1
9/9/2015,101,76,1
9/10/2015,96,78,1
9/11/2015,95,76,1
9/12/2015,90,76,1
9/13/2015,91,72,1
9/20/2015,98,70,1
10/9/2015,100,68,1
10/10/2015,100,72,1
10/11/2015,100,74,1
10/12/2015,93,73,1
10/13/2015,92,74,1
6/20/2016,101,71,1
7/23/2016,97,71,1
9/26/2016,104,69,1
9/27/2016,97,71,1
7/8/2017,98,72,1
7/9/2017,96,72,1
8/2/2017,93,74,1
8/3/2017,92,74,1
8/29/2017,96,70,1
8/31/2017,102,74,1
9/1/2017,102,76,1
9/2/2017,100,78,1
9/3/2017,99,76,1
9/11/2017,93,71,1
10/23/2017,102,67,1
10/24/2017,104,68,1
10/25/2017,100,69,1
7/6/2018,108,69,1
7/7/2018,104,79,1
7/8/2018,98,75,1
7/9/2018,96,74,1
7/10/2018,91,73,1
7/24/2018,94,72,1
7/29/2018,96,70,1
8/7/2018,96,71,1
8/8/2018,98,72,1
8/9/2018,97,71,1
8/10/2018,93,73,1
,,,
,,,
Cluster 3,Center,x=84.000000, y=57.000000
Date,High,Low,
1/2/2014,81,52,2
1/6/2014,78,49,2
1/13/2014,80,46,2
1/14/2014,82,48,2
1/15/2014,85,48,2
1/16/2014,85,49,2
1/17/2014,85,52,2
1/18/2014,84,52,2
1/19/2014,80,48,2
1/20/2014,81,47,2
1/21/2014,78,54,2
1/22/2014,77,54,2
2/12/2014,80,51,2
2/13/2014,80,52,2
2/14/2014,79,50,2
2/15/2014,78,51,2
2/20/2014,82,51,2
2/22/2014,76,51,2
3/8/2014,81,51,2
3/11/2014,78,54,2
3/12/2014,80,54,2
3/15/2014,81,54,2
3/29/2014,76,53,2
4/6/2014,78,52,2
4/10/2014,81,50,2
4/14/2014,77,53,2
11/3/2014,77,52,2
11/4/2014,77,51,2
11/5/2014,85,53,2
11/17/2014,76,53,2
11/18/2014,77,52,2
11/24/2014,80,53,2
11/25/2014,80,52,2
11/26/2014,85,53,2
11/28/2014,81,53,2
12/23/2014,83,51,2
1/5/2015,81,50,2
1/7/2015,85,53,2
1/15/2015,76,51,2
1/16/2015,77,50,2
1/17/2015,78,50,2
1/24/2015,82,49,2
1/25/2015,83,48,2
2/2/2015,78,51,2
2/5/2015,82,53,2
2/10/2015,78,53,2
2/15/2015,80,54,2
3/5/2015,77,51,2
3/6/2015,83,49,2
3/8/2015,78,53,2
3/10/2015,80,55,2
4/9/2015,76,53,2
4/16/2015,81,54,2
4/26/2015,77,54,2
11/6/2015,77,51,2
11/7/2015,80,50,2
11/8/2015,78,52,2
11/12/2015,77,51,2
11/13/2015,82,50,2
11/14/2015,78,51,2
11/19/2015,86,51,2
11/23/2015,81,55,2
12/2/2015,78,50,2
12/5/2015,77,49,2
12/7/2015,81,55,2
12/8/2015,83,54,2
1/21/2016,77,50,2
2/6/2016,77,50,2
2/7/2016,84,51,2
2/14/2016,79,48,2
2/22/2016,78,51,2
2/23/2016,83,55,2
2/26/2016,79,54,2
3/10/2016,77,54,2
3/15/2016,77,53,2
3/23/2016,77,52,2
3/24/2016,81,55,2
3/25/2016,78,54,2
11/2/2016,78,54,2
11/18/2016,78,54,2
11/24/2016,78,52,2
12/20/2016,79,49,2
12/28/2016,80,53,2
12/29/2016,82,55,2
1/8/2017,79,53,2
1/29/2017,80,47,2
1/30/2017,80,53,2
1/31/2017,77,50,2
2/13/2017,77,53,2
2/15/2017,80,53,2
3/2/2017,79,48,2
3/3/2017,82,55,2
3/7/2017,77,49,2
3/11/2017,83,55,2
3/12/2017,84,53,2
3/14/2017,86,52,2
3/17/2017,78,53,2
4/10/2017,79,54,2
4/11/2017,77,54,2
4/15/2017,76,53,2
11/14/2017,78,53,2
11/30/2017,76,51,2
12/2/2017,76,51,2
12/7/2017,78,46,2
12/8/2017,78,48,2
12/9/2017,83,50,2
12/10/2017,82,50,2
12/11/2017,80,53,2
12/12/2017,83,53,2
12/13/2017,81,49,2
12/15/2017,81,50,2
12/28/2017,79,47,2
12/29/2017,83,52,2
1/2/2018,78,52,2
1/13/2018,84,53,2
1/17/2018,78,52,2
1/28/2018,83,49,2
1/31/2018,81,52,2
2/1/2018,79,52,2
2/2/2018,84,54,2
2/3/2018,80,53,2
2/4/2018,81,51,2
2/5/2018,77,53,2
2/7/2018,82,51,2
2/8/2018,83,52,2
3/6/2018,78,50,2
3/27/2018,77,50,2
3/28/2018,76,52,2
3/30/2018,76,52,2
4/21/2018,83,53,2
10/16/2018,83,54,2
10/31/2018,80,55,2
11/9/2018,82,50,2
11/10/2018,78,53,2
11/11/2018,78,50,2
11/12/2018,78,48,2
11/14/2018,79,54,2
11/15/2018,80,51,2
11/16/2018,76,52,2
11/26/2018,78,54,2
12/13/2018,77,48,2
1/19/2019,78,51,2
1/24/2019,77,46,2
1/25/2019,77,48,2
1/26/2019,77,50,2
1/27/2019,77,51,2
3/16/2019,81,50,2
3/30/2019,80,54,2
,,,
,,,
Cluster 4,Center,x=82.000000, y=49.000000
Date,High,Low,
1/1/2014,71,44,3
1/3/2014,72,48,3
1/4/2014,69,50,3
1/5/2014,77,45,3
1/7/2014,69,48,3
1/8/2014,68,47,3
1/10/2014,70,47,3
1/11/2014,73,48,3
1/12/2014,71,50,3
1/23/2014,72,51,3
1/26/2014,69,52,3
1/27/2014,69,52,3
1/28/2014,70,49,3
1/29/2014,70,52,3
2/10/2014,73,53,3
2/17/2014,71,50,3
2/23/2014,73,49,3
2/24/2014,73,52,3
3/14/2014,71,52,3
3/27/2014,69,51,3
4/3/2014,68,49,3
4/26/2014,68,50,3
11/2/2014,70,51,3
11/19/2014,74,53,3
11/20/2014,70,53,3
11/22/2014,73,52,3
11/29/2014,74,51,3
12/10/2014,73,53,3
12/21/2014,68,50,3
12/22/2014,75,50,3
12/24/2014,75,53,3
1/8/2015,75,51,3
1/14/2015,73,47,3
1/18/2015,75,53,3
1/19/2015,72,50,3
1/22/2015,75,47,3
1/23/2015,75,50,3
2/1/2015,76,49,3
2/3/2015,72,51,3
2/24/2015,74,46,3
2/25/2015,72,51,3
2/26/2015,70,51,3
3/4/2015,72,48,3
4/8/2015,70,49,3
4/11/2015,72,53,3
11/3/2015,70,53,3
11/4/2015,69,50,3
11/5/2015,71,50,3
11/10/2015,68,50,3
11/11/2015,72,48,3
11/15/2015,69,51,3
11/17/2015,72,45,3
11/18/2015,76,48,3
11/24/2015,70,52,3
12/1/2015,72,47,3
12/18/2015,72,47,3
1/12/2016,70,46,3
1/17/2016,68,49,3
1/22/2016,71,50,3
1/25/2016,71,50,3
1/26/2016,73,47,3
1/27/2016,73,52,3
1/28/2016,74,50,3
1/29/2016,72,50,3
2/4/2016,70,46,3
2/5/2016,76,46,3
2/13/2016,75,51,3
2/19/2016,69,51,3
2/20/2016,72,50,3
2/21/2016,73,50,3
2/27/2016,74,53,3
3/2/2016,73,52,3
3/3/2016,74,54,3
3/8/2016,72,49,3
3/9/2016,74,53,3
3/11/2016,69,52,3
3/22/2016,71,53,3
3/31/2016,72,50,3
4/26/2016,70,53,3
11/17/2016,72,52,3
11/19/2016,75,49,3
11/22/2016,70,52,3
11/23/2016,72,50,3
11/25/2016,75,51,3
11/29/2016,69,47,3
12/4/2016,71,44,3
12/14/2016,71,51,3
12/27/2016,72,47,3
1/7/2017,70,51,3
1/14/2017,72,47,3
1/17/2017,68,46,3
1/28/2017,74,41,3
2/1/2017,72,48,3
2/12/2017,75,50,3
3/1/2017,75,47,3
3/4/2017,71,53,3
3/24/2017,72,53,3
4/1/2017,74,53,3
4/9/2017,72,52,3
5/8/2017,71,51,3
11/13/2017,73,53,3
11/20/2017,73,50,3
11/28/2017,76,49,3
11/29/2017,75,52,3
12/1/2017,74,52,3
12/3/2017,69,52,3
12/4/2017,72,51,3
12/5/2017,71,45,3
12/6/2017,75,44,3
12/14/2017,76,48,3
12/17/2017,72,48,3
12/18/2017,72,50,3
12/19/2017,69,47,3
12/24/2017,74,45,3
12/25/2017,69,45,3
12/26/2017,68,46,3
12/27/2017,76,46,3
12/30/2017,73,48,3
12/31/2017,69,49,3
1/1/2018,71,47,3
1/3/2018,74,53,3
1/4/2018,75,53,3
1/11/2018,70,49,3
1/12/2018,72,50,3
1/15/2018,72,51,3
1/16/2018,72,52,3
1/23/2018,75,46,3
1/24/2018,75,52,3
1/26/2018,68,46,3
1/27/2018,74,49,3
2/11/2018,72,50,3
2/15/2018,71,51,3
2/16/2018,74,49,3
2/17/2018,76,49,3
2/18/2018,69,48,3
3/5/2018,72,44,3
3/7/2018,72,51,3
3/8/2018,73,50,3
3/19/2018,74,49,3
3/26/2018,72,48,3
3/29/2018,74,51,3
3/31/2018,70,52,3
4/17/2018,71,51,3
4/18/2018,72,53,3
4/20/2018,74,54,3
4/24/2018,70,53,3
5/3/2018,69,52,3
11/13/2018,76,47,3
11/19/2018,73,52,3
11/20/2018,74,50,3
11/21/2018,71,53,3
12/4/2018,71,51,3
12/7/2018,70,49,3
12/8/2018,72,52,3
12/9/2018,72,53,3
12/11/2018,70,50,3
12/15/2018,72,47,3
12/16/2018,71,46,3
12/19/2018,75,49,3
12/20/2018,76,49,3
12/22/2018,70,49,3
1/8/2019,72,50,3
1/20/2019,74,54,3
1/28/2019,75,50,3
2/25/2019,68,48,3
3/13/2019,69,51,3
3/14/2019,71,48,3
3/15/2019,76,48,3
3/24/2019,70,53,3
3/25/2019,75,53,3
3/26/2019,72,53,3
3/29/2019,73,51,3
,,,
,,,
Cluster 5,Center,x=70.000000, y=53.000000
Date,High,Low,
2/2/2014,63,47,4
2/3/2014,63,46,4
2/4/2014,63,48,4
2/5/2014,64,48,4
12/14/2014,66,47,4
12/15/2014,65,47,4
12/18/2014,62,48,4
12/26/2014,63,42,4
12/27/2014,63,39,4
12/28/2014,63,43,4
12/29/2014,63,41,4
12/30/2014,56,47,4
12/31/2014,57,41,4
1/1/2015,59,37,4
1/2/2015,61,39,4
1/3/2015,63,40,4
1/4/2015,69,42,4
11/26/2015,64,48,4
11/28/2015,64,46,4
11/30/2015,66,46,4
12/13/2015,66,47,4
12/14/2015,59,47,4
12/15/2015,61,42,4
12/16/2015,61,40,4
12/17/2015,66,42,4
12/19/2015,65,45,4
12/20/2015,61,44,4
12/21/2015,62,44,4
12/24/2015,62,47,4
12/25/2015,59,44,4
12/26/2015,62,42,4
12/27/2015,61,36,4
12/28/2015,58,37,4
12/29/2015,61,41,4
12/30/2015,62,41,4
12/31/2015,65,41,4
1/1/2016,64,43,4
1/2/2016,65,47,4
1/3/2016,62,44,4
1/5/2016,59,49,4
1/6/2016,58,46,4
1/7/2016,59,45,4
1/8/2016,62,44,4
1/9/2016,60,46,4
1/11/2016,64,47,4
1/13/2016,66,43,4
1/24/2016,66,47,4
2/1/2016,58,43,4
2/2/2016,62,41,4
2/3/2016,65,43,4
3/7/2016,61,47,4
3/12/2016,66,47,4
3/29/2016,64,48,4
11/26/2016,63,45,4
11/28/2016,64,47,4
11/30/2016,68,45,4
12/3/2016,68,43,4
12/5/2016,66,47,4
12/17/2016,62,47,4
12/18/2016,67,42,4
12/19/2016,71,40,4
12/24/2016,61,47,4
12/25/2016,58,43,4
12/26/2016,64,46,4
12/31/2016,59,47,4
1/1/2017,62,43,4
1/3/2017,60,48,4
1/4/2017,63,47,4
1/18/2017,62,47,4
1/21/2017,63,46,4
1/23/2017,58,44,4
1/24/2017,58,41,4
1/25/2017,61,41,4
1/26/2017,65,43,4
1/27/2017,64,44,4
2/24/2017,64,44,4
2/25/2017,66,44,4
2/26/2017,58,49,4
2/28/2017,66,47,4
3/6/2017,67,46,4
12/20/2017,60,47,4
12/21/2017,63,44,4
12/22/2017,65,40,4
12/23/2017,66,47,4
1/21/2018,64,42,4
1/22/2018,69,44,4
2/19/2018,59,48,4
2/20/2018,60,40,4
2/21/2018,62,47,4
2/22/2018,62,45,4
2/23/2018,59,44,4
2/24/2018,62,40,4
2/25/2018,68,44,4
2/26/2018,67,45,4
2/27/2018,56,43,4
2/28/2018,62,41,4
3/1/2018,63,45,4
3/3/2018,61,48,4
3/4/2018,62,43,4
3/18/2018,64,46,4
12/23/2018,67,47,4
12/26/2018,66,47,4
12/28/2018,62,45,4
12/29/2018,62,39,4
12/30/2018,66,41,4
12/31/2018,63,46,4
1/1/2019,62,38,4
1/2/2019,63,38,4
1/3/2019,67,43,4
1/4/2019,66,45,4
1/5/2019,58,48,4
1/6/2019,61,46,4
1/9/2019,67,47,4
1/22/2019,67,47,4
1/23/2019,67,45,4
2/1/2019,64,48,4
2/5/2019,56,46,4
2/6/2019,57,43,4
2/7/2019,62,43,4
2/8/2019,63,44,4
2/9/2019,60,47,4
2/10/2019,58,47,4
2/11/2019,61,40,4
2/12/2019,69,42,4
2/16/2019,60,45,4
2/17/2019,58,44,4
2/18/2019,59,43,4
2/19/2019,60,41,4
2/20/2019,57,43,4
2/21/2019,57,43,4
2/22/2019,62,40,4
2/23/2019,62,46,4
2/24/2019,66,46,4
2/26/2019,66,47,4
,,,
,,,
Cluster 6,Center,x=95.000000, y=65.000000
Date,High,Low,
4/30/2014,91,62,5
5/1/2014,92,63,5
5/2/2014,96,62,5
5/3/2014,89,63,5
5/13/2014,94,65,5
5/14/2014,99,63,5
5/16/2014,95,68,5
7/7/2014,89,66,5
7/24/2014,92,65,5
7/30/2014,90,68,5
8/2/2014,90,65,5
8/15/2014,89,63,5
8/16/2014,90,66,5
8/17/2014,89,66,5
8/27/2014,91,66,5
8/28/2014,91,68,5
8/29/2014,90,65,5
8/30/2014,89,65,5
9/7/2014,92,68,5
9/9/2014,91,68,5
9/12/2014,91,68,5
9/13/2014,94,69,5
10/2/2014,98,64,5
10/4/2014,97,65,5
10/5/2014,95,65,5
10/6/2014,92,64,5
10/7/2014,93,64,5
3/14/2015,93,62,5
3/15/2015,92,66,5
3/16/2015,90,66,5
3/26/2015,92,61,5
3/27/2015,91,62,5
4/28/2015,92,61,5
6/29/2015,91,68,5
8/13/2015,91,68,5
8/14/2015,91,68,5
8/16/2015,95,68,5
9/6/2015,90,64,5
9/7/2015,94,68,5
9/19/2015,92,67,5
9/24/2015,92,68,5
9/25/2015,93,69,5
9/26/2015,92,70,5
9/27/2015,90,67,5
9/30/2015,89,66,5
10/8/2015,89,65,5
10/24/2015,90,63,5
6/18/2016,89,63,5
6/19/2016,96,66,5
7/20/2016,89,66,5
7/21/2016,92,67,5
7/22/2016,95,68,5
7/24/2016,92,69,5
7/25/2016,91,69,5
8/15/2016,91,65,5
9/25/2016,96,63,5
9/29/2016,92,69,5
10/20/2016,95,61,5
10/21/2016,92,64,5
11/9/2016,93,64,5
11/10/2016,90,63,5
4/22/2017,90,63,5
5/20/2017,94,63,5
6/26/2017,94,67,5
6/27/2017,89,64,5
7/7/2017,96,68,5
7/10/2017,92,70,5
7/15/2017,89,66,5
8/1/2017,91,69,5
8/30/2017,92,71,5
9/10/2017,91,67,5
9/29/2017,89,64,5
10/7/2017,96,63,5
10/15/2017,96,62,5
10/16/2017,96,66,5
10/17/2017,94,66,5
10/22/2017,93,62,5
10/26/2017,93,66,5
11/22/2017,93,62,5
11/23/2017,92,64,5
7/23/2018,93,70,5
8/3/2018,92,70,5
8/4/2018,90,68,5
8/6/2018,93,69,5
9/9/2018,89,64,5
9/14/2018,92,65,5
10/1/2018,90,66,5
,,,
,,,
Cluster 7,Center,x=87.000000, y=69.000000
Date,High,Low,
7/3/2014,85,65,6
7/4/2014,87,65,6
7/5/2014,89,67,6
7/6/2014,87,67,6
7/8/2014,86,68,6
7/10/2014,85,66,6
7/22/2014,85,65,6
7/23/2014,88,65,6
7/25/2014,88,69,6
7/26/2014,86,68,6
7/27/2014,84,67,6
7/28/2014,88,68,6
7/29/2014,88,68,6
7/31/2014,87,67,6
8/1/2014,85,66,6
8/3/2014,85,72,6
8/4/2014,87,65,6
8/10/2014,85,66,6
8/11/2014,85,65,6
8/12/2014,84,66,6
8/18/2014,86,65,6
8/20/2014,84,67,6
8/23/2014,85,66,6
8/31/2014,87,69,6
9/1/2014,85,70,6
9/2/2014,84,68,6
9/6/2014,86,65,6
9/8/2014,88,71,6
9/10/2014,87,64,6
9/11/2014,89,67,6
9/25/2014,85,67,6
6/28/2015,86,67,6
6/30/2015,89,67,6
7/1/2015,84,67,6
7/18/2015,87,65,6
7/20/2015,85,70,6
7/24/2015,85,67,6
7/25/2015,87,67,6
7/26/2015,85,67,6
7/28/2015,85,66,6
7/30/2015,83,68,6
7/31/2015,84,67,6
8/2/2015,84,66,6
8/3/2015,84,67,6
8/4/2015,88,67,6
8/5/2015,88,67,6
8/6/2015,86,67,6
8/17/2015,88,69,6
8/18/2015,86,68,6
8/22/2015,83,68,6
8/24/2015,87,67,6
8/25/2015,87,71,6
8/30/2015,90,71,6
8/31/2015,85,69,6
9/1/2015,83,69,6
9/5/2015,85,65,6
9/14/2015,84,71,6
9/18/2015,87,65,6
9/21/2015,86,72,6
9/22/2015,84,70,6
9/23/2015,86,68,6
9/28/2015,88,68,6
9/29/2015,87,64,6
10/1/2015,87,69,6
10/2/2015,84,68,6
10/14/2015,86,72,6
10/15/2015,83,70,6
10/25/2015,86,66,6
10/29/2015,83,68,6
10/30/2015,86,65,6
6/21/2016,89,67,6
6/27/2016,88,65,6
6/28/2016,86,67,6
6/29/2016,86,66,6
7/26/2016,86,68,6
7/27/2016,89,68,6
7/28/2016,88,69,6
7/29/2016,88,69,6
7/30/2016,85,70,6
7/31/2016,88,69,6
8/1/2016,85,67,6
8/2/2016,85,66,6
8/4/2016,84,66,6
8/14/2016,86,67,6
8/29/2016,86,64,6
8/30/2016,88,67,6
9/20/2016,89,71,6
9/21/2016,84,67,6
9/28/2016,90,71,6
9/30/2016,88,67,6
10/1/2016,86,64,6
4/28/2017,85,69,6
6/16/2017,88,64,6
6/17/2017,86,64,6
6/25/2017,88,64,6
7/5/2017,86,64,6
7/6/2017,88,66,6
7/11/2017,86,68,6
7/16/2017,87,70,6
7/17/2017,86,69,6
7/18/2017,85,67,6
7/19/2017,86,67,6
7/20/2017,89,68,6
7/21/2017,85,67,6
7/22/2017,86,67,6
7/23/2017,86,68,6
7/24/2017,85,68,6
7/28/2017,84,66,6
7/29/2017,86,67,6
8/4/2017,86,71,6
8/5/2017,87,70,6
8/6/2017,83,68,6
8/8/2017,87,68,6
8/9/2017,84,66,6
8/10/2017,85,67,6
8/12/2017,85,65,6
8/26/2017,87,68,6
8/28/2017,88,67,6
9/4/2017,85,73,6
9/5/2017,83,71,6
9/6/2017,83,70,6
9/7/2017,86,67,6
9/8/2017,85,67,6
10/9/2017,87,65,6
10/18/2017,86,67,6
7/11/2018,90,72,6
7/12/2018,88,70,6
7/13/2018,83,69,6
7/14/2018,84,69,6
7/15/2018,87,70,6
7/16/2018,84,69,6
7/18/2018,83,69,6
7/19/2018,86,70,6
7/22/2018,88,68,6
7/25/2018,90,72,6
7/26/2018,88,71,6
7/27/2018,84,70,6
7/28/2018,86,70,6
7/30/2018,87,70,6
7/31/2018,88,70,6
8/1/2018,90,71,6
8/2/2018,90,71,6
8/5/2018,89,68,6
8/11/2018,90,73,6
8/12/2018,88,69,6
8/13/2018,86,68,6
8/14/2018,84,68,6
8/15/2018,86,69,6
8/16/2018,86,72,6
8/17/2018,87,72,6
8/18/2018,85,71,6
8/19/2018,86,69,6
8/20/2018,86,70,6
8/21/2018,86,70,6
8/22/2018,84,70,6
8/23/2018,84,68,6
8/24/2018,84,67,6
8/29/2018,85,67,6
8/30/2018,87,65,6
8/31/2018,85,65,6
9/10/2018,84,67,6
9/15/2018,86,65,6
9/16/2018,87,64,6
,,,
,,,
Cluster 8,Center,x=87.000000, y=65.000000
Date,High,Low,
3/9/2014,84,58,7
3/16/2014,90,56,7
4/7/2014,85,55,7
4/8/2014,88,58,7
4/9/2014,89,57,7
4/29/2014,92,59,7
5/11/2014,86,58,7
5/12/2014,90,59,7
9/24/2014,88,62,7
10/8/2014,87,63,7
10/22/2014,84,60,7
10/23/2014,85,60,7
10/24/2014,88,59,7
10/29/2014,85,59,7
11/6/2014,90,61,7
11/7/2014,89,60,7
11/8/2014,89,59,7
11/27/2014,89,58,7
1/6/2015,84,57,7
2/11/2015,85,55,7
2/12/2015,85,56,7
2/13/2015,88,57,7
2/14/2015,86,56,7
3/7/2015,86,54,7
3/12/2015,86,56,7
3/13/2015,90,61,7
3/25/2015,84,60,7
4/3/2015,86,57,7
4/4/2015,84,59,7
4/29/2015,89,60,7
4/30/2015,86,60,7
5/1/2015,84,57,7
6/8/2015,85,60,7
6/9/2015,86,62,7
10/26/2015,88,61,7
10/31/2015,89,60,7
11/1/2015,86,59,7
11/20/2015,85,55,7
11/21/2015,87,57,7
11/22/2015,85,59,7
2/8/2016,88,53,7
2/9/2016,89,56,7
2/10/2016,88,61,7
2/11/2016,87,59,7
2/12/2016,85,56,7
2/15/2016,89,55,7
2/16/2016,90,58,7
2/25/2016,83,57,7
3/16/2016,87,57,7
4/5/2016,85,56,7
4/6/2016,88,59,7
4/17/2016,89,58,7
4/18/2016,89,59,7
4/19/2016,89,62,7
4/20/2016,87,60,7
6/3/2016,87,59,7
6/17/2016,84,60,7
7/9/2016,86,63,7
8/16/2016,86,63,7
8/17/2016,84,60,7
8/18/2016,83,61,7
9/18/2016,90,61,7
9/19/2016,86,63,7
9/24/2016,90,60,7
10/7/2016,91,60,7
10/8/2016,90,61,7
10/9/2016,91,61,7
10/19/2016,90,57,7
10/22/2016,85,60,7
11/3/2016,88,57,7
11/4/2016,83,58,7
11/8/2016,90,57,7
11/11/2016,87,61,7
11/13/2016,88,60,7
11/14/2016,88,61,7
3/8/2017,85,54,7
3/9/2017,87,57,7
3/13/2017,88,55,7
3/15/2017,85,57,7
3/29/2017,83,56,7
4/5/2017,86,57,7
4/21/2017,90,60,7
4/27/2017,85,60,7
4/30/2017,87,59,7
5/1/2017,85,60,7
5/2/2017,87,62,7
5/19/2017,88,60,7
5/21/2017,87,63,7
6/14/2017,85,62,7
6/15/2017,86,63,7
6/18/2017,86,62,7
9/24/2017,86,59,7
9/25/2017,88,61,7
9/26/2017,87,62,7
9/27/2017,86,62,7
9/28/2017,88,63,7
10/5/2017,85,59,7
10/6/2017,92,60,7
10/10/2017,88,60,7
10/14/2017,87,59,7
10/27/2017,86,63,7
11/21/2017,88,58,7
11/24/2017,84,59,7
11/25/2017,83,58,7
1/14/2018,83,56,7
1/29/2018,86,53,7
4/9/2018,95,56,7
4/10/2018,88,61,7
4/14/2018,87,57,7
5/4/2018,90,56,7
5/5/2018,86,59,7
5/6/2018,83,58,7
6/14/2018,88,61,7
7/5/2018,88,63,7
9/17/2018,87,62,7
9/18/2018,85,61,7
9/30/2018,85,61,7
10/17/2018,83,57,7
10/18/2018,85,58,7
10/19/2018,89,60,7
10/20/2018,90,61,7
10/26/2018,84,61,7
10/27/2018,84,59,7
11/2/2018,88,58,7
11/3/2018,86,58,7
3/17/2019,85,57,7
3/31/2019,85,60,7
4/1/2019,84,61,7
4/8/2019,87,60,7
,,,
,,,
Cluster 9,Center,x=80.000000, y=68.000000
Date,High,Low,
5/17/2014,85,63,8
5/27/2014,80,62,8
5/28/2014,79,65,8
6/21/2014,81,62,8
6/24/2014,79,63,8
6/28/2014,80,64,8
6/29/2014,79,64,8
7/1/2014,79,66,8
7/2/2014,80,64,8
7/9/2014,82,67,8
7/11/2014,80,65,8
7/12/2014,82,65,8
7/13/2014,82,67,8
7/14/2014,80,68,8
7/15/2014,82,69,8
7/16/2014,81,66,8
7/17/2014,80,65,8
7/18/2014,79,64,8
7/20/2014,80,66,8
7/21/2014,81,66,8
8/5/2014,82,63,8
8/7/2014,81,64,8
8/8/2014,82,65,8
8/9/2014,82,67,8
8/13/2014,81,65,8
8/14/2014,83,65,8
8/19/2014,82,69,8
8/21/2014,80,65,8
8/22/2014,81,66,8
8/24/2014,83,67,8
8/25/2014,80,64,8
8/26/2014,84,65,8
9/3/2014,83,67,8
9/4/2014,80,66,8
9/5/2014,83,66,8
9/18/2014,81,67,8
9/19/2014,82,67,8
9/20/2014,78,66,8
9/21/2014,79,65,8
9/22/2014,80,63,8
9/23/2014,84,63,8
9/26/2014,83,65,8
9/28/2014,79,64,8
9/30/2014,85,64,8
10/1/2014,82,64,8
10/9/2014,80,67,8
10/10/2014,79,64,8
10/11/2014,81,64,8
10/12/2014,81,67,8
10/13/2014,82,65,8
10/20/2014,79,63,8
3/17/2015,82,63,8
3/28/2015,81,61,8
6/18/2015,81,62,8
6/20/2015,85,63,8
6/21/2015,82,64,8
6/22/2015,83,62,8
6/23/2015,84,63,8
6/24/2015,83,63,8
6/25/2015,81,62,8
7/2/2015,83,65,8
7/3/2015,80,63,8
7/4/2015,79,63,8
7/12/2015,81,62,8
7/13/2015,84,64,8
7/14/2015,84,64,8
7/15/2015,81,65,8
7/16/2015,81,65,8
7/17/2015,81,63,8
7/21/2015,80,70,8
7/22/2015,81,68,8
7/23/2015,82,68,8
7/27/2015,82,67,8
7/29/2015,82,65,8
8/1/2015,83,67,8
8/7/2015,81,66,8
8/8/2015,81,65,8
8/11/2015,81,63,8
8/12/2015,85,63,8
8/19/2015,82,67,8
8/20/2015,81,67,8
8/21/2015,80,67,8
8/23/2015,83,66,8
9/2/2015,81,67,8
9/3/2015,80,66,8
9/4/2015,79,66,8
9/15/2015,80,67,8
9/16/2015,78,66,8
9/17/2015,82,65,8
10/3/2015,84,65,8
10/7/2015,84,64,8
10/17/2015,82,69,8
10/18/2015,79,68,8
10/19/2015,79,65,8
10/20/2015,80,62,8
10/21/2015,84,63,8
10/22/2015,80,65,8
10/23/2015,80,62,8
10/27/2015,82,61,8
10/28/2015,80,66,8
6/22/2016,84,63,8
6/23/2016,80,64,8
6/24/2016,79,64,8
6/25/2016,80,65,8
6/26/2016,82,65,8
6/30/2016,82,66,8
7/1/2016,80,66,8
7/2/2016,81,64,8
7/7/2016,80,64,8
7/8/2016,83,63,8
7/10/2016,82,66,8
7/11/2016,83,65,8
7/12/2016,79,65,8
7/13/2016,83,64,8
7/14/2016,83,64,8
7/15/2016,83,63,8
7/16/2016,83,64,8
7/17/2016,80,63,8
7/18/2016,82,65,8
7/19/2016,82,64,8
8/3/2016,83,67,8
8/5/2016,80,66,8
8/6/2016,79,65,8
8/7/2016,80,66,8
8/8/2016,81,67,8
8/9/2016,81,67,8
8/10/2016,82,66,8
8/11/2016,81,66,8
8/12/2016,79,65,8
8/13/2016,84,65,8
8/21/2016,83,63,8
8/22/2016,84,63,8
8/23/2016,83,64,8
8/24/2016,83,64,8
8/25/2016,82,63,8
8/28/2016,81,63,8
8/31/2016,83,67,8
9/1/2016,84,65,8
9/2/2016,80,65,8
9/3/2016,78,65,8
9/6/2016,80,62,8
9/7/2016,81,63,8
9/8/2016,79,65,8
9/10/2016,81,63,8
9/17/2016,82,61,8
9/22/2016,79,66,8
10/10/2016,84,62,8
11/12/2016,82,62,8
4/29/2017,83,63,8
5/3/2017,82,63,8
6/3/2017,80,63,8
6/19/2017,84,63,8
6/20/2017,84,63,8
6/21/2017,82,64,8
6/22/2017,81,65,8
6/28/2017,80,63,8
7/2/2017,82,64,8
7/3/2017,84,63,8
7/4/2017,82,63,8
7/12/2017,82,67,8
7/13/2017,83,66,8
7/14/2017,82,65,8
7/25/2017,82,68,8
7/26/2017,82,68,8
7/27/2017,83,67,8
7/30/2017,83,66,8
7/31/2017,82,66,8
8/7/2017,83,67,8
8/11/2017,83,66,8
8/13/2017,84,65,8
8/14/2017,81,66,8
8/15/2017,77,67,8
8/16/2017,80,67,8
8/17/2017,81,65,8
8/18/2017,81,65,8
8/19/2017,83,67,8
8/20/2017,82,68,8
8/21/2017,82,67,8
8/22/2017,82,66,8
8/23/2017,79,67,8
8/24/2017,79,68,8
8/25/2017,81,68,8
8/27/2017,83,67,8
9/9/2017,83,67,8
9/12/2017,79,67,8
9/13/2017,78,66,8
9/15/2017,78,66,8
9/16/2017,79,66,8
9/20/2017,80,63,8
9/30/2017,82,64,8
10/1/2017,78,66,8
10/2/2017,79,64,8
10/8/2017,82,63,8
10/28/2017,80,62,8
6/9/2018,82,62,8
6/10/2018,80,62,8
6/11/2018,81,63,8
6/12/2018,84,63,8
6/15/2018,82,63,8
6/21/2018,78,65,8
6/25/2018,79,64,8
6/27/2018,80,63,8
6/28/2018,79,63,8
6/29/2018,79,66,8
6/30/2018,80,66,8
7/1/2018,78,65,8
7/3/2018,80,64,8
7/4/2018,82,65,8
7/17/2018,81,68,8
7/20/2018,82,69,8
7/21/2018,82,69,8
8/25/2018,81,67,8
8/26/2018,82,66,8
8/27/2018,81,67,8
8/28/2018,81,65,8
9/1/2018,82,67,8
9/2/2018,79,69,8
9/3/2018,79,69,8
9/5/2018,77,67,8
9/7/2018,82,65,8
9/8/2018,84,65,8
9/11/2018,82,68,8
9/12/2018,81,66,8
9/13/2018,85,64,8
9/19/2018,81,61,8
9/20/2018,82,63,8
9/21/2018,80,65,8
9/22/2018,81,64,8
9/23/2018,80,65,8
9/24/2018,79,64,8
9/26/2018,80,63,8
9/27/2018,80,64,8
9/28/2018,82,64,8
9/29/2018,81,65,8
10/2/2018,82,67,8
10/3/2018,80,68,8
10/4/2018,79,65,8
10/21/2018,81,62,8
10/25/2018,79,63,8
4/9/2019,80,62,8
,,,
,,,
Cluster 10,Center,x=76.000000, y=64.000000
Date,High,Low,
4/18/2014,73,61,9
5/18/2014,75,63,9
5/19/2014,74,61,9
5/25/2014,75,62,9
5/29/2014,78,63,9
6/2/2014,75,60,9
6/6/2014,75,60,9
6/7/2014,74,61,9
6/10/2014,74,63,9
6/11/2014,76,62,9
6/12/2014,74,61,9
6/13/2014,73,60,9
6/15/2014,74,61,9
6/16/2014,73,61,9
6/22/2014,77,63,9
6/23/2014,77,63,9
6/25/2014,76,63,9
6/26/2014,76,64,9
6/27/2014,78,64,9
6/30/2014,77,64,9
7/19/2014,75,66,9
8/6/2014,77,63,9
9/27/2014,77,63,9
9/29/2014,78,61,9
10/14/2014,76,66,9
10/15/2014,78,63,9
10/16/2014,77,61,9
10/17/2014,76,62,9
10/18/2014,78,61,9
10/19/2014,77,62,9
10/21/2014,78,64,9
10/26/2014,78,61,9
10/27/2014,77,62,9
11/14/2014,73,60,9
1/29/2015,75,60,9
3/11/2015,73,60,9
3/18/2015,75,62,9
3/19/2015,76,60,9
3/21/2015,75,62,9
6/2/2015,76,60,9
6/3/2015,74,61,9
6/5/2015,73,60,9
6/10/2015,73,62,9
6/11/2015,75,62,9
6/12/2015,72,63,9
6/13/2015,72,63,9
6/14/2015,77,63,9
6/15/2015,78,62,9
6/17/2015,78,62,9
6/27/2015,77,62,9
7/5/2015,75,64,9
7/6/2015,75,64,9
7/7/2015,77,65,9
7/8/2015,75,66,9
7/9/2015,76,64,9
7/10/2015,76,62,9
7/11/2015,79,62,9
8/9/2015,78,63,9
8/10/2015,78,63,9
10/4/2015,73,62,9
10/5/2015,76,62,9
10/6/2015,78,62,9
10/16/2015,75,70,9
3/27/2016,74,59,9
4/22/2016,73,60,9
5/14/2016,72,62,9
5/15/2016,72,62,9
5/17/2016,72,61,9
5/19/2016,72,62,9
5/28/2016,72,61,9
5/31/2016,74,60,9
6/1/2016,75,63,9
6/7/2016,75,60,9
6/9/2016,72,62,9
6/10/2016,77,62,9
6/15/2016,72,62,9
7/3/2016,77,63,9
7/4/2016,74,63,9
7/5/2016,77,63,9
7/6/2016,78,63,9
8/20/2016,76,62,9
8/26/2016,78,64,9
8/27/2016,77,64,9
9/4/2016,77,64,9
9/5/2016,76,64,9
9/9/2016,78,64,9
9/11/2016,79,62,9
9/12/2016,73,63,9
9/23/2016,79,62,9
10/2/2016,78,62,9
10/4/2016,78,63,9
10/14/2016,74,60,9
10/15/2016,76,63,9
10/16/2016,75,64,9
10/17/2016,73,61,9
10/24/2016,76,62,9
10/25/2016,74,59,9
10/28/2016,77,63,9
4/19/2017,76,61,9
4/26/2017,78,61,9
5/26/2017,72,61,9
5/29/2017,73,60,9
5/30/2017,72,62,9
6/1/2017,73,62,9
6/2/2017,77,62,9
6/4/2017,75,63,9
6/5/2017,76,63,9
6/6/2017,73,64,9
6/7/2017,72,63,9
6/10/2017,75,63,9
6/11/2017,72,61,9
6/12/2017,74,60,9
6/23/2017,78,63,9
6/24/2017,77,62,9
6/29/2017,78,64,9
6/30/2017,77,63,9
7/1/2017,75,63,9
9/14/2017,78,64,9
9/17/2017,76,66,9
9/18/2017,77,63,9
9/19/2017,76,66,9
9/21/2017,73,64,9
9/22/2017,76,62,9
9/23/2017,76,61,9
10/3/2017,78,64,9
10/11/2017,76,62,9
10/12/2017,78,63,9
10/19/2017,78,64,9
10/20/2017,75,64,9
10/29/2017,73,62,9
10/30/2017,69,64,9
11/1/2017,72,63,9
11/17/2017,73,61,9
5/10/2018,76,60,9
5/29/2018,72,61,9
6/5/2018,73,62,9
6/6/2018,74,60,9
6/16/2018,75,64,9
6/19/2018,75,61,9
6/22/2018,78,63,9
6/23/2018,74,64,9
6/24/2018,77,63,9
6/26/2018,78,64,9
7/2/2018,78,64,9
9/4/2018,76,68,9
9/6/2018,76,66,9
9/25/2018,73,63,9
10/5/2018,77,65,9
10/6/2018,77,64,9
10/7/2018,78,63,9
10/8/2018,77,63,9
10/9/2018,77,63,9
10/10/2018,73,63,9
10/11/2018,75,60,9
10/13/2018,71,62,9
10/14/2018,73,62,9
10/22/2018,76,63,9
10/23/2018,73,62,9
10/24/2018,79,62,9
10/30/2018,74,61,9
11/5/2018,77,61,9
11/6/2018,75,62,9
,,,
,,,
Cluster 11,Center,x=76.000000, y=62.000000
Date,High,Low,
1/9/2014,63,51,10
1/30/2014,63,57,10
1/31/2014,65,53,10
2/1/2014,66,50,10
2/6/2014,60,52,10
2/7/2014,63,50,10
2/8/2014,66,52,10
2/9/2014,67,54,10
2/19/2014,66,54,10
2/28/2014,62,56,10
3/1/2014,61,54,10
3/2/2014,62,54,10
3/3/2014,68,51,10
3/25/2014,65,57,10
3/26/2014,66,55,10
4/1/2014,63,50,10
4/2/2014,62,49,10
4/4/2014,65,53,10
4/5/2014,67,54,10
12/12/2014,65,52,10
12/13/2014,66,48,10
12/16/2014,60,54,10
12/17/2014,65,51,10
12/19/2014,66,49,10
12/20/2014,64,50,10
12/25/2014,65,50,10
1/10/2015,63,52,10
1/11/2015,63,56,10
1/12/2015,66,53,10
1/20/2015,63,53,10
2/22/2015,64,53,10
2/23/2015,65,50,10
2/27/2015,66,55,10
2/28/2015,65,52,10
3/1/2015,65,50,10
3/2/2015,63,49,10
3/3/2015,67,48,10
4/6/2015,67,53,10
4/7/2015,67,51,10
5/7/2015,65,54,10
5/8/2015,63,50,10
5/14/2015,68,53,10
5/15/2015,66,55,10
11/16/2015,63,50,10
11/25/2015,63,50,10
11/27/2015,64,50,10
11/29/2015,67,50,10
12/4/2015,67,51,10
12/10/2015,68,52,10
12/11/2015,65,52,10
12/12/2015,68,51,10
12/22/2015,62,54,10
12/23/2015,67,52,10
1/10/2016,62,51,10
1/14/2016,65,50,10
1/15/2016,65,50,10
1/16/2016,67,54,10
1/18/2016,63,55,10
1/19/2016,64,54,10
1/23/2016,64,54,10
1/30/2016,66,55,10
1/31/2016,59,50,10
3/6/2016,67,54,10
3/13/2016,68,53,10
3/28/2016,66,54,10
3/30/2016,66,52,10
4/8/2016,61,59,10
11/20/2016,65,54,10
11/27/2016,65,50,10
12/1/2016,66,50,10
12/2/2016,65,49,10
12/6/2016,65,52,10
12/7/2016,65,50,10
12/8/2016,66,49,10
12/9/2016,65,51,10
12/10/2016,66,54,10
12/13/2016,67,54,10
12/15/2016,65,54,10
12/16/2016,62,54,10
12/22/2016,67,54,10
12/23/2016,64,52,10
1/2/2017,58,51,10
1/5/2017,65,54,10
1/6/2017,66,51,10
1/9/2017,64,55,10
1/10/2017,61,51,10
1/11/2017,66,55,10
1/12/2017,58,53,10
1/13/2017,62,49,10
1/15/2017,66,53,10
1/16/2017,66,52,10
1/19/2017,64,52,10
1/20/2017,59,51,10
1/22/2017,56,51,10
2/2/2017,68,53,10
2/3/2017,61,55,10
2/4/2017,66,55,10
2/5/2017,61,55,10
2/6/2017,61,54,10
2/11/2017,65,55,10
2/16/2017,68,51,10
2/17/2017,61,53,10
2/18/2017,63,53,10
2/19/2017,63,54,10
2/20/2017,64,54,10
2/22/2017,66,51,10
2/23/2017,62,49,10
2/27/2017,61,52,10
3/5/2017,63,49,10
5/6/2017,66,52,10
5/7/2017,66,51,10
12/16/2017,67,52,10
1/9/2018,64,51,10
1/10/2018,66,48,10
1/19/2018,65,53,10
1/20/2018,62,51,10
1/25/2018,63,49,10
2/10/2018,65,55,10
2/12/2018,63,53,10
2/13/2018,66,51,10
3/2/2018,59,51,10
3/10/2018,62,57,10
3/14/2018,65,54,10
3/15/2018,67,51,10
3/16/2018,63,52,10
3/17/2018,62,50,10
3/21/2018,65,55,10
3/22/2018,65,57,10
3/24/2018,65,54,10
3/25/2018,64,51,10
4/4/2018,66,54,10
4/16/2018,65,52,10
4/19/2018,63,51,10
5/1/2018,61,55,10
5/2/2018,65,54,10
11/29/2018,65,54,10
11/30/2018,67,53,10
12/1/2018,66,48,10
12/2/2018,65,52,10
12/3/2018,68,51,10
12/5/2018,61,52,10
12/6/2018,58,50,10
12/12/2018,66,52,10
12/18/2018,68,53,10
12/24/2018,67,53,10
12/25/2018,67,52,10
12/27/2018,67,49,10
1/7/2019,61,51,10
1/10/2019,65,49,10
1/11/2019,65,51,10
1/12/2019,60,52,10
1/13/2019,61,49,10
1/14/2019,57,52,10
1/15/2019,59,50,10
1/16/2019,60,53,10
1/17/2019,62,56,10
1/18/2019,67,54,10
1/21/2019,63,53,10
1/31/2019,60,52,10
2/2/2019,59,53,10
2/3/2019,60,52,10
2/4/2019,60,51,10
2/13/2019,61,52,10
2/14/2019,63,53,10
2/15/2019,61,49,10
2/27/2019,66,50,10
3/2/2019,62,55,10
3/3/2019,63,54,10
3/4/2019,65,52,10
3/5/2019,67,49,10
3/6/2019,61,54,10
3/7/2019,62,51,10
3/8/2019,60,49,10
3/9/2019,62,50,10
3/10/2019,62,49,10
3/11/2019,67,50,10
3/20/2019,67,54,10
3/21/2019,63,52,10
3/22/2019,66,49,10
3/23/2019,66,55,10
3/28/2019,67,54,10
4/5/2019,67,54,10
4/15/2019,67,52,10
4/16/2019,65,57,10
,,,
,,,
Cluster 12,Center,x=78.000000, y=60.000000
Date,High,Low,
1/24/2014,73,55,11
2/18/2014,68,56,11
2/25/2014,71,56,11
2/26/2014,67,57,11
2/27/2014,71,56,11
3/4/2014,69,54,11
3/5/2014,72,54,11
3/6/2014,72,57,11
3/7/2014,71,56,11
3/13/2014,71,57,11
3/20/2014,73,55,11
3/21/2014,67,55,11
3/22/2014,68,56,11
3/23/2014,69,53,11
3/24/2014,66,58,11
3/28/2014,71,56,11
3/30/2014,72,56,11
3/31/2014,68,54,11
4/12/2014,67,57,11
4/13/2014,67,56,11
4/15/2014,72,55,11
4/16/2014,73,57,11
4/17/2014,71,59,11
4/19/2014,72,57,11
4/22/2014,69,58,11
4/23/2014,71,56,11
4/25/2014,71,54,11
4/27/2014,71,55,11
5/5/2014,72,57,11
5/6/2014,68,56,11
5/7/2014,68,57,11
5/8/2014,71,57,11
5/9/2014,72,56,11
5/10/2014,72,58,11
5/20/2014,70,57,11
5/21/2014,71,59,11
5/22/2014,71,57,11
5/23/2014,70,61,11
5/24/2014,69,61,11
10/31/2014,71,60,11
11/1/2014,67,55,11
11/10/2014,70,62,11
11/11/2014,69,62,11
11/12/2014,70,58,11
11/13/2014,70,55,11
11/15/2014,72,58,11
11/16/2014,74,55,11
11/21/2014,73,55,11
11/30/2014,66,60,11
12/1/2014,69,57,11
12/2/2014,66,58,11
12/3/2014,67,59,11
12/4/2014,71,57,11
12/5/2014,69,57,11
12/6/2014,71,55,11
12/11/2014,67,60,11
1/9/2015,72,56,11
1/13/2015,68,54,11
1/21/2015,71,54,11
1/30/2015,70,59,11
1/31/2015,71,56,11
2/4/2015,72,56,11
2/7/2015,69,54,11
2/9/2015,73,58,11
2/16/2015,70,56,11
2/17/2015,71,57,11
2/19/2015,72,57,11
2/20/2015,70,56,11
2/21/2015,69,57,11
3/9/2015,73,57,11
3/22/2015,72,59,11
3/23/2015,73,57,11
3/31/2015,73,57,11
4/5/2015,71,57,11
4/10/2015,71,54,11
4/14/2015,73,58,11
4/20/2015,70,55,11
4/21/2015,67,58,11
4/22/2015,69,57,11
4/23/2015,69,55,11
4/24/2015,67,57,11
4/25/2015,66,56,11
5/4/2015,69,56,11
5/5/2015,67,58,11
5/6/2015,67,58,11
5/9/2015,69,55,11
5/10/2015,72,54,11
5/12/2015,72,57,11
5/13/2015,69,58,11
5/16/2015,71,56,11
5/17/2015,72,58,11
5/18/2015,71,60,11
5/19/2015,73,56,11
5/20/2015,72,57,11
5/21/2015,71,57,11
5/22/2015,69,57,11
5/23/2015,71,57,11
5/24/2015,70,58,11
5/25/2015,71,57,11
5/26/2015,69,59,11
5/27/2015,72,58,11
5/31/2015,73,59,11
6/4/2015,70,61,11
6/6/2015,72,58,11
11/9/2015,68,55,11
1/4/2016,69,55,11
1/20/2016,69,54,11
2/18/2016,68,56,11
3/4/2016,70,57,11
3/5/2016,67,59,11
3/14/2016,70,58,11
3/18/2016,73,57,11
3/19/2016,71,57,11
3/20/2016,72,57,11
3/21/2016,71,57,11
4/1/2016,72,54,11
4/7/2016,69,59,11
4/9/2016,64,60,11
4/10/2016,70,58,11
4/11/2016,73,59,11
4/13/2016,73,57,11
4/14/2016,72,57,11
4/25/2016,69,55,11
4/27/2016,70,55,11
4/28/2016,71,55,11
4/29/2016,69,56,11
4/30/2016,69,56,11
5/1/2016,73,58,11
5/2/2016,72,56,11
5/4/2016,69,56,11
5/5/2016,68,57,11
5/6/2016,67,57,11
5/7/2016,68,57,11
5/8/2016,71,57,11
5/9/2016,68,58,11
5/10/2016,70,57,11
5/11/2016,72,59,11
5/16/2016,71,61,11
5/18/2016,71,61,11
5/20/2016,70,58,11
5/21/2016,71,56,11
5/22/2016,72,56,11
5/24/2016,71,58,11
5/25/2016,68,56,11
5/27/2016,73,58,11
5/29/2016,71,60,11
5/30/2016,72,58,11
6/5/2016,71,58,11
6/6/2016,73,58,11
6/11/2016,70,62,11
6/12/2016,72,60,11
6/13/2016,71,60,11
6/14/2016,72,60,11
9/13/2016,70,60,11
10/11/2016,71,59,11
10/12/2016,70,59,11
10/30/2016,68,61,11
10/31/2016,69,57,11
11/1/2016,70,58,11
11/16/2016,70,55,11
11/21/2016,67,56,11
12/11/2016,65,59,11
12/12/2016,67,56,11
12/21/2016,70,54,11
12/30/2016,67,55,11
2/7/2017,66,58,11
2/8/2017,73,59,11
2/10/2017,65,58,11
2/14/2017,73,56,11
2/21/2017,68,58,11
3/20/2017,71,59,11
3/21/2017,67,57,11
3/22/2017,69,55,11
3/23/2017,70,54,11
3/25/2017,70,54,11
3/26/2017,71,57,11
3/27/2017,74,55,11
4/3/2017,69,56,11
4/7/2017,72,57,11
4/8/2017,69,56,11
4/13/2017,71,56,11
4/14/2017,70,54,11
4/24/2017,73,59,11
5/5/2017,72,59,11
5/9/2017,71,56,11
5/10/2017,69,61,11
5/11/2017,71,58,11
5/14/2017,72,57,11
5/15/2017,67,57,11
5/16/2017,70,55,11
5/17/2017,70,58,11
5/25/2017,68,61,11
5/27/2017,72,58,11
5/31/2017,69,62,11
6/8/2017,70,61,11
10/31/2017,69,63,11
11/2/2017,68,59,11
11/3/2017,71,59,11
11/4/2017,72,57,11
11/5/2017,70,59,11
11/6/2017,73,58,11
11/9/2017,72,60,11
11/10/2017,71,58,11
11/11/2017,73,54,11
11/12/2017,69,55,11
11/26/2017,71,58,11
11/27/2017,68,54,11
1/5/2018,73,54,11
1/6/2018,68,56,11
1/8/2018,68,61,11
2/6/2018,73,54,11
2/9/2018,73,54,11
2/14/2018,69,54,11
3/9/2018,72,55,11
3/11/2018,69,57,11
3/12/2018,72,57,11
3/13/2018,70,58,11
3/20/2018,72,56,11
3/23/2018,69,55,11
4/1/2018,70,55,11
4/2/2018,69,56,11
4/3/2018,70,55,11
4/5/2018,68,57,11
4/6/2018,70,55,11
4/7/2018,72,59,11
4/12/2018,70,55,11
4/25/2018,70,55,11
4/26/2018,71,55,11
4/27/2018,70,55,11
4/28/2018,70,54,11
4/29/2018,69,55,11
4/30/2018,68,55,11
5/11/2018,65,60,11
5/12/2018,66,57,11
5/13/2018,70,58,11
5/14/2018,72,56,11
5/15/2018,71,58,11
5/18/2018,70,59,11
5/19/2018,68,58,11
5/20/2018,70,60,11
5/21/2018,67,60,11
5/22/2018,68,59,11
5/23/2018,69,59,11
5/24/2018,67,60,11
5/25/2018,69,57,11
5/26/2018,72,57,11
5/28/2018,73,58,11
5/30/2018,70,60,11
5/31/2018,72,60,11
6/17/2018,70,61,11
6/18/2018,72,60,11
11/7/2018,71,60,11
11/17/2018,72,58,11
11/18/2018,74,55,11
11/22/2018,68,56,11
11/23/2018,69,54,11
11/24/2018,71,55,11
11/28/2018,69,55,11
12/10/2018,68,56,11
12/14/2018,69,56,11
12/17/2018,68,55,11
12/21/2018,71,55,11
1/29/2019,71,55,11
1/30/2019,68,54,11
2/28/2019,67,56,11
3/1/2019,66,57,11
3/12/2019,71,55,11
3/19/2019,69,55,11
3/27/2019,70,56,11
4/2/2019,71,59,11
4/3/2019,67,57,11
4/4/2019,67,56,11
4/6/2019,70,56,11
4/14/2019,73,54,11
4/19/2019,73,57,11
4/20/2019,66,57,11
4/21/2019,70,55,11
4/22/2019,69,55,11
4/26/2019,71,58,11
4/27/2019,69,59,11
